index,id,hashtag_index
0,3.075854765464166e+18,0.0
1,3.075854765464166e+18,1.0
2,3.075854765464166e+18,2.0
3,3.075854765464166e+18,3.0
4,3.075854765464166e+18,4.0
5,3.075854765464166e+18,5.0
6,3.075854765464166e+18,6.0
7,3.075854765464166e+18,7.0
8,3.075854765464166e+18,8.0
9,3.075854765464166e+18,9.0
10,3.075854765464166e+18,10.0
11,3.075854765464166e+18,11.0
12,3.070078623458052e+18,12.0
13,3.070078623458052e+18,13.0
14,3.070078623458052e+18,14.0
15,3.070078623458052e+18,15.0
16,3.070078623458052e+18,16.0
17,3.070078623458052e+18,17.0
18,3.070078623458052e+18,18.0
19,3.070078623458052e+18,19.0
20,3.070078623458052e+18,20.0
21,3.070078623458052e+18,21.0
22,3.070078623458052e+18,22.0
23,3.0787400049486223e+18,23.0
24,3.0787400049486223e+18,24.0
25,3.0787400049486223e+18,25.0
26,3.0787400049486223e+18,26.0
27,3.0787400049486223e+18,27.0
28,3.0787400049486223e+18,28.0
29,3.0787400049486223e+18,29.0
30,3.073725354955596e+18,29.0
31,3.073725354955596e+18,30.0
32,3.073725354955596e+18,31.0
33,3.073725354955596e+18,32.0
34,3.073725354955596e+18,33.0
35,3.073725354955596e+18,0.0
36,3.073725354955596e+18,34.0
37,3.073725354955596e+18,35.0
38,3.073725354955596e+18,36.0
39,3.073725354955596e+18,37.0
40,3.073725354955596e+18,38.0
41,3.073725354955596e+18,7.0
42,3.073725354955596e+18,39.0
43,3.06935386837853e+18,40.0
44,3.06935386837853e+18,41.0
45,3.06935386837853e+18,42.0
46,3.06935386837853e+18,43.0
47,3.06935386837853e+18,44.0
48,3.06935386837853e+18,45.0
49,3.06935386837853e+18,46.0
50,3.06935386837853e+18,47.0
51,3.064272895618296e+18,48.0
52,3.064272895618296e+18,49.0
53,3.064272895618296e+18,50.0
54,3.064272895618296e+18,51.0
55,3.064272895618296e+18,52.0
56,3.064272895618296e+18,53.0
57,3.064272895618296e+18,8.0
58,3.064272895618296e+18,0.0
59,3.064272895618296e+18,54.0
60,3.064272895618296e+18,20.0
61,3.064272895618296e+18,55.0
62,3.064272895618296e+18,56.0
63,3.0744054642562074e+18,57.0
64,3.0744054642562074e+18,31.0
65,3.0744054642562074e+18,58.0
66,3.0744054642562074e+18,59.0
67,3.0744054642562074e+18,60.0
68,3.0744054642562074e+18,61.0
69,3.0744054642562074e+18,20.0
70,3.0744054642562074e+18,62.0
71,3.0744054642562074e+18,63.0
72,3.0744054642562074e+18,64.0
73,3.0744054642562074e+18,32.0
74,3.0744054642562074e+18,65.0
75,3.0729852890316785e+18,66.0
76,3.0729852890316785e+18,50.0
77,3.0729852890316785e+18,67.0
78,3.0729852890316785e+18,53.0
79,3.0729852890316785e+18,52.0
80,3.0729852890316785e+18,68.0
81,3.0729852890316785e+18,56.0
82,3.0729852890316785e+18,69.0
83,3.0729852890316785e+18,70.0
84,3.0729852890316785e+18,71.0
85,3.0729852890316785e+18,72.0
86,3.068624057100992e+18,73.0
87,3.068624057100992e+18,74.0
88,3.068624057100992e+18,75.0
89,3.068624057100992e+18,76.0
90,3.068624057100992e+18,77.0
91,3.068624057100992e+18,58.0
92,3.068624057100992e+18,59.0
93,3.068624057100992e+18,60.0
94,3.068624057100992e+18,78.0
95,3.068624057100992e+18,0.0
96,3.068624057100992e+18,79.0
97,3.0750777407687327e+18,13.0
98,3.0750777407687327e+18,6.0
99,3.0750777407687327e+18,80.0
100,3.0750777407687327e+18,81.0
101,3.0750777407687327e+18,82.0
102,3.0750777407687327e+18,2.0
103,3.0750777407687327e+18,83.0
104,3.0750777407687327e+18,84.0
105,3.0750777407687327e+18,85.0
106,3.0750777407687327e+18,86.0
107,3.065732963795675e+18,8.0
108,3.065732963795675e+18,87.0
109,3.065732963795675e+18,0.0
110,3.065732963795675e+18,53.0
111,3.0649294883753124e+18,58.0
112,3.0649294883753124e+18,88.0
113,3.0649294883753124e+18,0.0
114,3.0649294883753124e+18,89.0
115,3.0649294883753124e+18,90.0
116,3.0649294883753124e+18,59.0
117,3.0649294883753124e+18,57.0
118,3.0649294883753124e+18,91.0
119,3.064197708273725e+18,44.0
120,3.064197708273725e+18,92.0
121,3.064197708273725e+18,0.0
122,3.064197708273725e+18,40.0
123,3.064197708273725e+18,45.0
124,3.064197708273725e+18,46.0
125,3.064197708273725e+18,47.0
126,3.064197708273725e+18,93.0
127,3.064197708273725e+18,94.0
128,3.064197708273725e+18,95.0
129,3.067944552673209e+18,71.0
130,3.067944552673209e+18,90.0
131,3.067944552673209e+18,30.0
132,3.067944552673209e+18,96.0
133,3.067944552673209e+18,8.0
134,3.067944552673209e+18,0.0
135,3.067944552673209e+18,97.0
136,3.067944552673209e+18,98.0
137,3.067944552673209e+18,7.0
138,3.0605944280628803e+18,99.0
139,3.0605944280628803e+18,100.0
140,3.0605944280628803e+18,70.0
141,3.0605944280628803e+18,101.0
142,3.0605944280628803e+18,102.0
143,3.0605944280628803e+18,103.0
144,3.0605944280628803e+18,104.0
145,3.0605944280628803e+18,105.0
146,3.0605944280628803e+18,106.0
147,3.0605944280628803e+18,107.0
148,3.06344258199652e+18,108.0
149,3.06344258199652e+18,109.0
150,3.06344258199652e+18,30.0
151,3.06344258199652e+18,96.0
152,3.06344258199652e+18,8.0
153,3.06344258199652e+18,0.0
154,3.06344258199652e+18,97.0
155,3.06344258199652e+18,98.0
156,3.06344258199652e+18,7.0
157,3.06344258199652e+18,110.0
158,3.06344258199652e+18,111.0
159,3.062820999272257e+18,112.0
160,3.062820999272257e+18,113.0
161,3.062820999272257e+18,114.0
162,3.062820999272257e+18,115.0
163,3.062820999272257e+18,116.0
164,3.062820999272257e+18,117.0
165,3.062820999272257e+18,71.0
166,3.062820999272257e+18,118.0
167,3.0591877011908106e+18,40.0
168,3.0591877011908106e+18,45.0
169,3.0591877011908106e+18,44.0
170,3.0591877011908106e+18,46.0
171,3.0591877011908106e+18,47.0
172,3.0591877011908106e+18,119.0
173,3.0591877011908106e+18,120.0
174,3.0591877011908106e+18,108.0
175,3.0591877011908106e+18,121.0
176,3.0584394272575124e+18,8.0
177,3.0584394272575124e+18,56.0
178,3.0584394272575124e+18,69.0
179,3.0584394272575124e+18,45.0
180,3.0584394272575124e+18,122.0
181,3.060695348151284e+18,6.0
182,3.060695348151284e+18,80.0
183,3.060695348151284e+18,81.0
184,3.060695348151284e+18,82.0
185,3.060695348151284e+18,2.0
186,3.060695348151284e+18,83.0
187,3.060695348151284e+18,84.0
188,3.060695348151284e+18,85.0
189,3.060695348151284e+18,13.0
190,3.060695348151284e+18,86.0
191,3.052792869303896e+18,30.0
192,3.052792869303896e+18,73.0
193,3.052792869303896e+18,123.0
194,3.052792869303896e+18,124.0
195,3.052792869303896e+18,8.0
196,3.052792869303896e+18,0.0
197,3.052792869303896e+18,97.0
198,3.052792869303896e+18,98.0
199,3.057770985323925e+18,30.0
200,3.057770985323925e+18,31.0
201,3.057770985323925e+18,123.0
202,3.057770985323925e+18,125.0
203,3.057770985323925e+18,8.0
204,3.057770985323925e+18,0.0
205,3.057770985323925e+18,97.0
206,3.057770985323925e+18,98.0
207,3.057770985323925e+18,7.0
208,3.057770985323925e+18,126.0
209,3.0540811942207386e+18,8.0
210,3.0540811942207386e+18,127.0
211,3.0540811942207386e+18,127.0
212,3.0540811942207386e+18,128.0
213,3.0540811942207386e+18,45.0
214,3.0540811942207386e+18,44.0
215,3.0540811942207386e+18,46.0
216,3.0490077273518674e+18,90.0
217,3.0490077273518674e+18,26.0
218,3.0490077273518674e+18,129.0
219,3.0490077273518674e+18,8.0
220,3.0490077273518674e+18,58.0
221,3.0490077273518674e+18,59.0
222,3.0490077273518674e+18,57.0
223,3.0490077273518674e+18,45.0
224,3.049113076121826e+18,8.0
225,3.049113076121826e+18,130.0
226,3.049113076121826e+18,131.0
227,3.049113076121826e+18,132.0
228,3.049113076121826e+18,133.0
229,3.038264008495789e+18,108.0
230,3.038264008495789e+18,134.0
231,3.038264008495789e+18,8.0
232,3.038264008495789e+18,59.0
233,3.038264008495789e+18,79.0
234,3.038264008495789e+18,0.0
235,3.038264008495789e+18,135.0
236,3.038264008495789e+18,136.0
237,3.044813067347564e+18,137.0
238,3.044813067347564e+18,138.0
239,3.044813067347564e+18,8.0
240,3.048401012914315e+18,139.0
241,3.048401012914315e+18,140.0
242,3.048401012914315e+18,4.0
243,3.048401012914315e+18,141.0
244,3.048401012914315e+18,142.0
245,3.048401012914315e+18,0.0
246,3.048401012914315e+18,8.0
247,3.048401012914315e+18,117.0
248,3.048401012914315e+18,46.0
249,3.0453834912060897e+18,73.0
250,3.0453834912060897e+18,26.0
251,3.0453834912060897e+18,8.0
252,3.0453834912060897e+18,58.0
253,3.0453834912060897e+18,59.0
254,3.0453834912060897e+18,57.0
255,3.0432770157212723e+18,8.0
256,3.0432770157212723e+18,138.0
257,3.0432770157212723e+18,143.0
258,3.0432770157212723e+18,144.0
259,3.0432770157212723e+18,145.0
260,3.0432770157212723e+18,146.0
261,3.0432770157212723e+18,147.0
262,3.0432770157212723e+18,148.0
263,3.054805890418774e+18,56.0
264,3.054805890418774e+18,73.0
265,3.054805890418774e+18,149.0
266,3.054805890418774e+18,8.0
267,3.054805890418774e+18,0.0
268,3.054805890418774e+18,59.0
269,3.054805890418774e+18,58.0
270,3.054805890418774e+18,60.0
271,3.054805890418774e+18,75.0
272,3.043994373110653e+18,150.0
273,3.043994373110653e+18,151.0
274,3.043994373110653e+18,152.0
275,3.043994373110653e+18,112.0
276,3.043994373110653e+18,153.0
277,3.043994373110653e+18,8.0
278,3.043994373110653e+18,0.0
279,3.043994373110653e+18,46.0
280,3.043994373110653e+18,104.0
281,3.0375322925669985e+18,153.0
282,3.0375322925669985e+18,154.0
283,3.0375322925669985e+18,155.0
284,3.0375322925669985e+18,156.0
285,3.0375322925669985e+18,157.0
286,3.0375322925669985e+18,158.0
287,3.025879898988054e+18,90.0
288,3.025879898988054e+18,0.0
289,3.025879898988054e+18,159.0
290,3.025879898988054e+18,160.0
291,3.025879898988054e+18,161.0
292,3.025879898988054e+18,8.0
293,3.025879898988054e+18,162.0
294,3.0324669383782886e+18,139.0
295,3.0324669383782886e+18,163.0
296,3.0324669383782886e+18,57.0
297,3.0324669383782886e+18,164.0
298,3.0324669383782886e+18,8.0
299,3.0324669383782886e+18,5.0
300,3.0324669383782886e+18,117.0
301,3.0324669383782886e+18,141.0
302,3.0359613731293865e+18,165.0
303,3.0359613731293865e+18,166.0
304,3.0359613731293865e+18,31.0
305,3.0359613731293865e+18,26.0
306,3.0359613731293865e+18,8.0
307,3.0359613731293865e+18,59.0
308,3.0359613731293865e+18,79.0
309,3.0359613731293865e+18,0.0
310,3.0222211595337523e+18,161.0
311,3.0222211595337523e+18,167.0
312,3.0222211595337523e+18,168.0
313,3.0222211595337523e+18,52.0
314,3.0222211595337523e+18,53.0
315,3.0222211595337523e+18,51.0
316,3.0222211595337523e+18,8.0
317,3.0222211595337523e+18,0.0
318,3.0222211595337523e+18,98.0
319,3.0222211595337523e+18,55.0
320,3.0222211595337523e+18,71.0
321,3.0243266415060413e+18,169.0
322,3.0243266415060413e+18,153.0
323,3.0243266415060413e+18,112.0
324,3.0243266415060413e+18,170.0
325,3.0243266415060413e+18,117.0
326,3.0243266415060413e+18,171.0
327,3.0243266415060413e+18,138.0
328,3.0243266415060413e+18,172.0
329,3.0127987740535675e+18,96.0
330,3.0127987740535675e+18,173.0
331,3.0127987740535675e+18,174.0
332,3.0127987740535675e+18,175.0
333,3.0127987740535675e+18,29.0
334,3.0127987740535675e+18,176.0
335,3.0127987740535675e+18,138.0
336,3.017148077919987e+18,177.0
337,3.017148077919987e+18,178.0
338,3.017148077919987e+18,179.0
339,3.017148077919987e+18,8.0
340,3.01787226129824e+18,180.0
341,3.01787226129824e+18,181.0
342,3.01787226129824e+18,182.0
343,3.01787226129824e+18,26.0
344,3.01787226129824e+18,55.0
345,3.01787226129824e+18,183.0
346,3.01787226129824e+18,184.0
347,3.023729951506133e+18,169.0
348,3.023729951506133e+18,153.0
349,3.023729951506133e+18,112.0
350,3.023729951506133e+18,185.0
351,3.023729951506133e+18,117.0
352,3.023729951506133e+18,171.0
353,3.023729951506133e+18,138.0
354,3.007725496381152e+18,17.0
355,3.007725496381152e+18,131.0
356,3.007725496381152e+18,186.0
357,3.007725496381152e+18,187.0
358,3.007725496381152e+18,8.0
359,3.007725496381152e+18,49.0
360,3.007725496381152e+18,188.0
361,3.007725496381152e+18,189.0
362,3.007725496381152e+18,190.0
363,3.0098999695283205e+18,138.0
364,3.0098999695283205e+18,191.0
365,3.0098999695283205e+18,192.0
366,3.0135284864308823e+18,56.0
367,3.0135284864308823e+18,193.0
368,3.0135284864308823e+18,194.0
369,3.0135284864308823e+18,8.0
370,3.0135284864308823e+18,0.0
371,3.0135284864308823e+18,195.0
372,3.0135284864308823e+18,196.0
373,3.014372143987132e+18,197.0
374,3.014372143987132e+18,198.0
375,3.014372143987132e+18,8.0
376,3.014372143987132e+18,100.0
377,3.014372143987132e+18,199.0
378,3.014372143987132e+18,200.0
379,3.0055816515600814e+18,201.0
380,3.0055816515600814e+18,
381,3.0055816515600814e+18,
382,3.0055816515600814e+18,190.0
383,3.0055816515600814e+18,138.0
384,2.9997825110014454e+18,8.0
385,2.9997825110014454e+18,203.0
386,2.9997825110014454e+18,189.0
387,2.9997825110014454e+18,190.0
388,2.9997825110014454e+18,204.0
389,2.9997825110014454e+18,205.0
390,3.00627849689271e+18,8.0
391,3.00627849689271e+18,206.0
392,3.00627849689271e+18,205.0
393,3.00627849689271e+18,0.0
394,3.00627849689271e+18,207.0
395,3.00192745560244e+18,208.0
396,3.00192745560244e+18,8.0
397,3.00192745560244e+18,209.0
398,3.00192745560244e+18,208.0
399,3.00192745560244e+18,210.0
400,3.00192745560244e+18,211.0
401,3.00192745560244e+18,212.0
402,3.00192745560244e+18,213.0
403,3.00192745560244e+18,214.0
404,3.00192745560244e+18,215.0
405,3.00192745560244e+18,216.0
406,3.00192745560244e+18,217.0
407,3.0004778507472835e+18,218.0
408,3.0004778507472835e+18,219.0
409,3.0004778507472835e+18,220.0
410,3.0004778507472835e+18,8.0
411,3.0004778507472835e+18,221.0
412,2.998340915136669e+18,222.0
413,2.998340915136669e+18,223.0
414,2.998340915136669e+18,138.0
415,2.998340915136669e+18,8.0
416,2.998340915136669e+18,224.0
417,2.998340915136669e+18,225.0
418,2.998340915136669e+18,226.0
419,2.998340915136669e+18,227.0
420,2.998340915136669e+18,25.0
421,3.0193544368287165e+18,228.0
422,3.0193544368287165e+18,8.0
423,3.0193544368287165e+18,13.0
424,3.0193544368287165e+18,229.0
425,3.0193544368287165e+18,2.0
426,3.0193544368287165e+18,82.0
427,3.0193544368287165e+18,98.0
428,3.0193544368287165e+18,94.0
429,3.0193544368287165e+18,230.0
430,3.0193544368287165e+18,231.0
431,3.0193544368287165e+18,232.0
432,3.0193544368287165e+18,233.0
433,3.004826876741943e+18,52.0
434,3.004826876741943e+18,53.0
435,3.004826876741943e+18,51.0
436,3.003377317250945e+18,8.0
437,3.003377317250945e+18,52.0
438,3.003377317250945e+18,53.0
439,3.003377317250945e+18,51.0
440,3.003377317250945e+18,209.0
441,2.999099431743838e+18,8.0
442,2.999099431743838e+18,117.0
443,2.999099431743838e+18,234.0
444,2.999099431743838e+18,20.0
445,2.999099431743838e+18,235.0
446,2.9976276512080164e+18,51.0
447,2.9976276512080164e+18,100.0
448,2.9976276512080164e+18,8.0
449,2.9976276512080164e+18,117.0
450,2.9976276512080164e+18,234.0
451,2.9976276512080164e+18,20.0
452,2.9976276512080164e+18,235.0
453,2.9976276512080164e+18,236.0
454,2.9976276512080164e+18,46.0
455,2.9976276512080164e+18,4.0
456,2.9976276512080164e+18,237.0
457,2.9968986883452206e+18,8.0
458,2.9968986883452206e+18,238.0
459,2.9968986883452206e+18,52.0
460,2.9968986883452206e+18,53.0
461,2.9968986883452206e+18,51.0
462,2.9968986883452206e+18,234.0
463,2.9968986883452206e+18,239.0
464,2.9794893958415007e+18,240.0
465,2.9794893958415007e+18,8.0
466,2.9794893958415007e+18,238.0
467,2.9794893958415007e+18,52.0
468,2.9794893958415007e+18,53.0
469,2.9794893958415007e+18,51.0
470,2.9794893958415007e+18,241.0
471,2.9794893958415007e+18,117.0
472,2.9794893958415007e+18,234.0
473,2.9794893958415007e+18,242.0
474,2.9794893958415007e+18,243.0
475,2.9794893958415007e+18,239.0
476,2.9941193166430525e+18,8.0
477,2.9941193166430525e+18,238.0
478,2.9941193166430525e+18,52.0
479,2.9941193166430525e+18,53.0
480,2.9941193166430525e+18,51.0
481,2.9941193166430525e+18,241.0
482,2.9941193166430525e+18,117.0
483,2.9941193166430525e+18,234.0
484,2.9845476938250327e+18,165.0
485,2.9845476938250327e+18,244.0
486,2.9845476938250327e+18,245.0
487,2.9845476938250327e+18,8.0
488,2.9845476938250327e+18,238.0
489,2.9845476938250327e+18,52.0
490,2.9845476938250327e+18,53.0
491,2.9845476938250327e+18,51.0
492,2.9845476938250327e+18,241.0
493,2.9845476938250327e+18,117.0
494,2.9845476938250327e+18,234.0
495,2.9925515299404314e+18,246.0
496,2.9925515299404314e+18,56.0
497,2.9925515299404314e+18,247.0
498,2.9925515299404314e+18,13.0
499,2.9925515299404314e+18,248.0
500,2.9925515299404314e+18,0.0
501,2.9925515299404314e+18,8.0
502,2.9925515299404314e+18,238.0
503,2.9925515299404314e+18,52.0
504,2.9925515299404314e+18,51.0
505,2.9925515299404314e+18,241.0
506,2.9925515299404314e+18,117.0
507,2.9925515299404314e+18,234.0
508,2.9925515299404314e+18,242.0
509,2.9925515299404314e+18,243.0
510,2.9925515299404314e+18,239.0
511,2.980214210638472e+18,249.0
512,2.980214210638472e+18,8.0
513,2.980214210638472e+18,46.0
514,2.980214210638472e+18,250.0
515,2.980214210638472e+18,251.0
516,2.980214210638472e+18,249.0
517,2.985227364430876e+18,252.0
518,2.985227364430876e+18,253.0
519,2.983114433902964e+18,0.0
520,2.983114433902964e+18,254.0
521,2.983114433902964e+18,8.0
522,2.983114433902964e+18,238.0
523,2.983114433902964e+18,52.0
524,2.983114433902964e+18,53.0
525,2.983114433902964e+18,51.0
526,2.983114433902964e+18,241.0
527,2.983114433902964e+18,117.0
528,2.983114433902964e+18,234.0
529,2.983114433902964e+18,98.0
530,2.983114433902964e+18,90.0
531,2.983875594795376e+18,255.0
532,2.983875594795376e+18,99.0
533,2.983875594795376e+18,189.0
534,2.983875594795376e+18,8.0
535,2.983875594795376e+18,0.0
536,2.983875594795376e+18,46.0
537,2.983875594795376e+18,104.0
538,2.9787052494186563e+18,256.0
539,2.9787052494186563e+18,51.0
540,2.9787052494186563e+18,56.0
541,2.9787052494186563e+18,88.0
542,2.9787052494186563e+18,26.0
543,2.9787052494186563e+18,8.0
544,2.9787052494186563e+18,238.0
545,2.9787052494186563e+18,241.0
546,2.9787052494186563e+18,117.0
547,2.9787052494186563e+18,234.0
548,2.9787052494186563e+18,242.0
549,2.9787052494186563e+18,243.0
550,2.974416535762563e+18,0.0
551,2.974416535762563e+18,8.0
552,2.974416535762563e+18,257.0
553,2.974416535762563e+18,258.0
554,2.974416535762563e+18,117.0
555,2.974416535762563e+18,259.0
556,2.974416535762563e+18,260.0
557,2.974416535762563e+18,261.0
558,2.974416535762563e+18,47.0
559,2.974416535762563e+18,46.0
560,2.974416535762563e+18,262.0
561,2.97733249959646e+18,8.0
562,2.97733249959646e+18,238.0
563,2.97733249959646e+18,52.0
564,2.97733249959646e+18,53.0
565,2.97733249959646e+18,51.0
566,2.97733249959646e+18,241.0
567,2.97733249959646e+18,117.0
568,2.97733249959646e+18,234.0
569,2.982329264622213e+18,241.0
570,2.982329264622213e+18,263.0
571,2.982329264622213e+18,8.0
572,2.982329264622213e+18,238.0
573,2.982329264622213e+18,52.0
574,2.982329264622213e+18,53.0
575,2.982329264622213e+18,51.0
576,2.982329264622213e+18,117.0
577,2.982329264622213e+18,234.0
578,3.0041021433467474e+18,8.0
579,3.0041021433467474e+18,52.0
580,3.0041021433467474e+18,53.0
581,3.0041021433467474e+18,51.0
582,3.0041021433467474e+18,50.0
583,3.0041021433467474e+18,209.0
584,3.0041021433467474e+18,221.0
585,2.9692897563120604e+18,255.0
586,2.9692897563120604e+18,264.0
587,2.9692897563120604e+18,265.0
588,2.9692897563120604e+18,266.0
589,2.9692897563120604e+18,25.0
590,2.9692897563120604e+18,117.0
591,2.9692897563120604e+18,239.0
592,2.9692897563120604e+18,267.0
593,2.973745342576331e+18,161.0
594,2.973745342576331e+18,268.0
595,2.973745342576331e+18,4.0
596,2.973745342576331e+18,255.0
597,2.973745342576331e+18,264.0
598,2.973745342576331e+18,265.0
599,2.973745342576331e+18,167.0
600,2.973745342576331e+18,269.0
601,2.973745342576331e+18,270.0
602,2.9634990366490844e+18,271.0
603,2.9634990366490844e+18,8.0
604,2.9634990366490844e+18,272.0
605,2.9634990366490844e+18,57.0
606,2.9634990366490844e+18,28.0
607,2.967255938251524e+18,8.0
608,2.967255938251524e+18,25.0
609,2.967255938251524e+18,273.0
610,2.967255938251524e+18,47.0
611,2.967255938251524e+18,46.0
612,2.967255938251524e+18,262.0
613,2.967255938251524e+18,257.0
614,2.967255938251524e+18,274.0
615,2.967965958590538e+18,53.0
616,2.967965958590538e+18,56.0
617,2.967965958590538e+18,0.0
618,2.967965958590538e+18,275.0
619,2.967965958590538e+18,276.0
620,2.967965958590538e+18,265.0
621,2.967965958590538e+18,46.0
622,2.967965958590538e+18,277.0
623,2.967965958590538e+18,278.0
624,2.967965958590538e+18,279.0
625,2.967965958590538e+18,280.0
626,2.956336646392173e+18,8.0
627,2.956336646392173e+18,281.0
628,2.964903578381291e+18,282.0
629,2.964903578381291e+18,0.0
630,2.964903578381291e+18,8.0
631,2.964903578381291e+18,108.0
632,2.964903578381291e+18,261.0
633,2.964903578381291e+18,117.0
634,2.964903578381291e+18,281.0
635,2.964903578381291e+18,47.0
636,2.964903578381291e+18,46.0
637,2.964903578381291e+18,262.0
638,2.9642462860482606e+18,161.0
639,2.9642462860482606e+18,8.0
640,2.9642462860482606e+18,281.0
641,2.9642462860482606e+18,52.0
642,2.9642462860482606e+18,56.0
643,2.9642462860482606e+18,51.0
644,2.9642462860482606e+18,0.0
645,2.9642462860482606e+18,98.0
646,2.9642462860482606e+18,108.0
647,2.9642462860482606e+18,117.0
648,2.9642462860482606e+18,90.0
649,2.9642462860482606e+18,31.0
650,2.9642462860482606e+18,73.0
651,2.9642462860482606e+18,257.0
652,2.9642462860482606e+18,46.0
653,2.9642462860482606e+18,102.0
654,2.9584409383815127e+18,12.0
655,2.9584409383815127e+18,283.0
656,2.9584409383815127e+18,284.0
657,2.9584409383815127e+18,8.0
658,2.9584409383815127e+18,285.0
659,2.9584409383815127e+18,117.0
660,2.9584409383815127e+18,286.0
661,2.969403132644139e+18,99.0
662,2.969403132644139e+18,287.0
663,2.969403132644139e+18,104.0
664,2.969403132644139e+18,117.0
665,2.969403132644139e+18,288.0
666,2.969403132644139e+18,105.0
667,2.969403132644139e+18,289.0
668,2.969403132644139e+18,290.0
669,2.969403132644139e+18,291.0
670,2.969403132644139e+18,292.0
671,3.002682300063841e+18,8.0
672,3.002682300063841e+18,117.0
673,3.002682300063841e+18,234.0
674,3.002682300063841e+18,20.0
675,3.002682300063841e+18,235.0
676,3.002682300063841e+18,293.0
677,3.002682300063841e+18,46.0
678,3.002682300063841e+18,4.0
679,3.002682300063841e+18,294.0
680,3.002682300063841e+18,52.0
681,2.957745976238888e+18,281.0
682,2.957745976238888e+18,28.0
683,2.957745976238888e+18,295.0
684,2.9389093312499896e+18,296.0
685,2.9389093312499896e+18,0.0
686,2.9389093312499896e+18,265.0
687,2.9389093312499896e+18,235.0
688,2.9389093312499896e+18,297.0
689,2.9389093312499896e+18,298.0
690,2.9389093312499896e+18,63.0
691,2.9527617842937503e+18,6.0
692,2.9527617842937503e+18,80.0
693,2.9527617842937503e+18,81.0
694,2.9527617842937503e+18,82.0
695,2.9527617842937503e+18,2.0
696,2.9527617842937503e+18,83.0
697,2.9527617842937503e+18,84.0
698,2.9527617842937503e+18,85.0
699,2.9527617842937503e+18,13.0
700,2.9527617842937503e+18,86.0
701,2.9418918994136724e+18,299.0
702,2.9418918994136724e+18,297.0
703,2.9418918994136724e+18,298.0
704,2.9418918994136724e+18,63.0
705,2.9418918994136724e+18,265.0
706,2.9418918994136724e+18,19.0
707,2.9418918994136724e+18,56.0
708,2.953397360727253e+18,276.0
709,2.953397360727253e+18,0.0
710,2.953397360727253e+18,62.0
711,2.953397360727253e+18,295.0
712,2.953397360727253e+18,161.0
713,2.953397360727253e+18,26.0
714,2.953397360727253e+18,52.0
715,2.953397360727253e+18,51.0
716,2.953397360727253e+18,53.0
717,2.953397360727253e+18,300.0
718,2.953397360727253e+18,8.0
719,2.953397360727253e+18,117.0
720,2.953397360727253e+18,165.0
721,2.953397360727253e+18,46.0
722,2.936028806255052e+18,301.0
723,2.936028806255052e+18,26.0
724,2.936028806255052e+18,265.0
725,2.936028806255052e+18,302.0
726,2.936028806255052e+18,303.0
727,2.936028806255052e+18,108.0
728,2.936028806255052e+18,63.0
729,2.9411516835523133e+18,304.0
730,2.9411516835523133e+18,0.0
731,2.9411516835523133e+18,5.0
732,2.9411516835523133e+18,98.0
733,2.9411516835523133e+18,8.0
734,2.9411516835523133e+18,218.0
735,2.943944423038985e+18,299.0
736,2.943944423038985e+18,8.0
737,2.943944423038985e+18,73.0
738,2.943944423038985e+18,57.0
739,2.943944423038985e+18,28.0
740,2.9540924267094584e+18,305.0
741,2.9540924267094584e+18,300.0
742,2.9540924267094584e+18,8.0
743,2.9540924267094584e+18,281.0
744,2.9540924267094584e+18,306.0
745,2.9540924267094584e+18,25.0
746,2.9540924267094584e+18,307.0
747,2.9540924267094584e+18,308.0
748,2.9540924267094584e+18,309.0
749,2.9540924267094584e+18,310.0
750,2.9540924267094584e+18,311.0
751,2.9540924267094584e+18,312.0
752,2.9540924267094584e+18,313.0
753,2.94331084692867e+18,99.0
754,2.94331084692867e+18,299.0
755,2.94331084692867e+18,314.0
756,2.94331084692867e+18,8.0
757,2.94331084692867e+18,315.0
758,2.94331084692867e+18,316.0
759,2.9316691741752617e+18,19.0
760,2.9316691741752617e+18,7.0
761,2.9316691741752617e+18,8.0
762,2.9316691741752617e+18,317.0
763,2.9316691741752617e+18,167.0
764,2.9316691741752617e+18,318.0
765,2.9316691741752617e+18,11.0
766,2.9548169766025523e+18,319.0
767,2.9548169766025523e+18,123.0
768,2.9548169766025523e+18,8.0
769,2.9548169766025523e+18,320.0
770,2.9548169766025523e+18,321.0
771,2.9548169766025523e+18,55.0
772,2.933872302295009e+18,322.0
773,2.933872302295009e+18,323.0
774,2.933872302295009e+18,324.0
775,2.933872302295009e+18,165.0
776,2.933872302295009e+18,46.0
777,2.938177292851069e+18,6.0
778,2.938177292851069e+18,80.0
779,2.938177292851069e+18,81.0
780,2.938177292851069e+18,82.0
781,2.938177292851069e+18,2.0
782,2.938177292851069e+18,83.0
783,2.938177292851069e+18,84.0
784,2.938177292851069e+18,85.0
785,2.938177292851069e+18,13.0
786,2.938177292851069e+18,86.0
787,2.924396284996681e+18,8.0
788,2.924396284996681e+18,57.0
789,2.924396284996681e+18,325.0
790,2.924396284996681e+18,0.0
791,2.928711162612513e+18,257.0
792,2.928711162612513e+18,326.0
793,2.928711162612513e+18,327.0
794,2.928711162612513e+18,328.0
795,2.928711162612513e+18,47.0
796,2.928711162612513e+18,8.0
797,2.928711162612513e+18,46.0
798,2.916403861582109e+18,322.0
799,2.916403861582109e+18,329.0
800,2.916403861582109e+18,8.0
801,2.928039589033916e+18,56.0
802,2.928039589033916e+18,330.0
803,2.928039589033916e+18,331.0
804,2.928039589033916e+18,53.0
805,2.928039589033916e+18,54.0
806,2.928039589033916e+18,332.0
807,2.928039589033916e+18,333.0
808,2.928039589033916e+18,334.0
809,2.922927083690136e+18,19.0
810,2.922927083690136e+18,26.0
811,2.922927083690136e+18,0.0
812,2.922927083690136e+18,8.0
813,2.922927083690136e+18,335.0
814,2.922927083690136e+18,336.0
815,2.922927083690136e+18,94.0
816,2.917919037342475e+18,337.0
817,2.917919037342475e+18,8.0
818,2.917919037342475e+18,338.0
819,2.917919037342475e+18,339.0
820,2.917919037342475e+18,0.0
821,2.917919037342475e+18,340.0
822,2.913504950084901e+18,8.0
823,2.913504950084901e+18,341.0
824,2.913504950084901e+18,46.0
825,2.913504950084901e+18,47.0
826,2.913504950084901e+18,342.0
827,2.9215299825782195e+18,343.0
828,2.9215299825782195e+18,57.0
829,2.9215299825782195e+18,265.0
830,2.9215299825782195e+18,343.0
831,2.9215299825782195e+18,183.0
832,2.912895623644963e+18,8.0
833,2.912895623644963e+18,344.0
834,2.912895623644963e+18,345.0
835,2.912895623644963e+18,19.0
836,2.9107186462290934e+18,8.0
837,2.9107186462290934e+18,0.0
838,2.9107186462290934e+18,52.0
839,2.9107186462290934e+18,344.0
840,2.9107186462290934e+18,346.0
841,2.927319469550529e+18,57.0
842,2.927319469550529e+18,348.0
843,2.927319469550529e+18,349.0
844,2.927319469550529e+18,8.0
845,2.927319469550529e+18,350.0
846,2.927319469550529e+18,344.0
847,2.90844773431524e+18,8.0
848,2.90844773431524e+18,351.0
849,2.90844773431524e+18,94.0
850,2.90844773431524e+18,352.0
851,2.90844773431524e+18,353.0
852,2.9114091283587195e+18,57.0
853,2.9114091283587195e+18,350.0
854,2.9114091283587195e+18,8.0
855,2.9114091283587195e+18,325.0
856,2.9114091283587195e+18,0.0
857,2.9114091283587195e+18,354.0
858,2.9114091283587195e+18,344.0
859,2.9041047561299523e+18,8.0
860,2.9041047561299523e+18,46.0
861,2.9041047561299523e+18,355.0
862,2.9041047561299523e+18,117.0
863,2.9041047561299523e+18,356.0
864,2.9041047561299523e+18,357.0
865,2.90630217137414e+18,59.0
866,2.90630217137414e+18,31.0
867,2.90630217137414e+18,8.0
868,2.90630217137414e+18,358.0
869,2.90630217137414e+18,359.0
870,2.90630217137414e+18,60.0
871,2.903341524242094e+18,8.0
872,2.903341524242094e+18,161.0
873,2.903341524242094e+18,56.0
874,2.903341524242094e+18,360.0
875,2.903341524242094e+18,53.0
876,2.903341524242094e+18,0.0
877,2.903341524242094e+18,54.0
878,2.903341524242094e+18,332.0
879,2.903341524242094e+18,344.0
880,2.8961476063332454e+18,8.0
881,2.8961476063332454e+18,46.0
882,2.8961476063332454e+18,361.0
883,2.8961476063332454e+18,251.0
884,2.8961476063332454e+18,249.0
885,2.9070866175968384e+18,362.0
886,2.9070866175968384e+18,363.0
887,2.9070866175968384e+18,364.0
888,2.9070866175968384e+18,82.0
889,2.9070866175968384e+18,0.0
890,2.9070866175968384e+18,46.0
891,2.9070866175968384e+18,117.0
892,2.898284317423041e+18,218.0
893,2.898284317423041e+18,104.0
894,2.898284317423041e+18,8.0
895,2.898284317423041e+18,365.0
896,2.898284317423041e+18,366.0
897,2.898284317423041e+18,105.0
898,2.898284317423041e+18,367.0
899,2.898284317423041e+18,99.0
900,2.9236286277804134e+18,99.0
901,2.9236286277804134e+18,332.0
902,2.9236286277804134e+18,105.0
903,2.9236286277804134e+18,8.0
904,2.9236286277804134e+18,365.0
905,2.9236286277804134e+18,366.0
906,2.9236286277804134e+18,367.0
907,2.897534854599767e+18,19.0
908,2.897534854599767e+18,56.0
909,2.897534854599767e+18,8.0
910,2.897534854599767e+18,368.0
911,2.897534854599767e+18,53.0
912,2.897534854599767e+18,278.0
913,2.897534854599767e+18,344.0
914,2.917242307413843e+18,46.0
915,2.917242307413843e+18,355.0
916,2.917242307413843e+18,117.0
917,2.917242307413843e+18,261.0
918,2.917242307413843e+18,167.0
919,2.893223626649106e+18,369.0
920,2.893223626649106e+18,370.0
921,2.893223626649106e+18,371.0
922,2.893223626649106e+18,8.0
923,2.893223626649106e+18,372.0
924,2.893223626649106e+18,373.0
925,2.893223626649106e+18,0.0
926,2.893223626649106e+18,374.0
927,2.893223626649106e+18,325.0
928,2.888185397461192e+18,247.0
929,2.888185397461192e+18,198.0
930,2.888185397461192e+18,198.0
931,2.888185397461192e+18,8.0
932,2.888185397461192e+18,0.0
933,2.888185397461192e+18,200.0
934,2.888185397461192e+18,344.0
935,2.882339862002092e+18,198.0
936,2.882339862002092e+18,299.0
937,2.882339862002092e+18,161.0
938,2.882339862002092e+18,8.0
939,2.882339862002092e+18,100.0
940,2.882339862002092e+18,200.0
941,2.882339862002092e+18,51.0
942,2.882339862002092e+18,344.0
943,2.882339862002092e+18,285.0
944,2.882339862002092e+18,199.0
945,2.891039547958067e+18,19.0
946,2.891039547958067e+18,375.0
947,2.891039547958067e+18,8.0
948,2.891039547958067e+18,376.0
949,2.891039547958067e+18,375.0
950,2.891039547958067e+18,344.0
951,2.880934862791638e+18,8.0
952,2.880934862791638e+18,377.0
953,2.880934862791638e+18,378.0
954,2.880934862791638e+18,94.0
955,2.880934862791638e+18,73.0
956,2.886050881468636e+18,369.0
957,2.886050881468636e+18,370.0
958,2.886050881468636e+18,379.0
959,2.886050881468636e+18,8.0
960,2.886050881468636e+18,372.0
961,2.886050881468636e+18,373.0
962,2.886050881468636e+18,0.0
963,2.886050881468636e+18,374.0
964,2.901961732276932e+18,244.0
965,2.901961732276932e+18,380.0
966,2.901961732276932e+18,8.0
967,2.901961732276932e+18,16.0
968,2.901961732276932e+18,381.0
969,2.901961732276932e+18,382.0
970,2.901961732276932e+18,46.0
971,2.886717934684077e+18,59.0
972,2.886717934684077e+18,73.0
973,2.886717934684077e+18,8.0
974,2.886717934684077e+18,358.0
975,2.886717934684077e+18,359.0
976,2.8830744516437e+18,57.0
977,2.8830744516437e+18,350.0
978,2.8830744516437e+18,8.0
979,2.8830744516437e+18,5.0
980,2.8830744516437e+18,325.0
981,2.8830744516437e+18,0.0
982,2.8830744516437e+18,354.0
983,2.8830744516437e+18,344.0
984,2.872234595647279e+18,383.0
985,2.872234595647279e+18,8.0
986,2.872234595647279e+18,100.0
987,2.872234595647279e+18,200.0
988,2.872234595647279e+18,51.0
989,2.872234595647279e+18,344.0
990,2.872234595647279e+18,285.0
991,2.872234595647279e+18,199.0
992,2.876553454385629e+18,0.0
993,2.876553454385629e+18,8.0
994,2.876553454385629e+18,261.0
995,2.876553454385629e+18,167.0
996,2.876553454385629e+18,46.0
997,2.876553454385629e+18,52.0
998,2.8700179970490527e+18,0.0
999,2.8700179970490527e+18,55.0
1000,2.8700179970490527e+18,8.0
1001,2.8700179970490527e+18,384.0
1002,2.8700179970490527e+18,344.0
1003,2.866395893104791e+18,8.0
1004,2.866395893104791e+18,51.0
1005,2.866395893104791e+18,100.0
1006,2.866395893104791e+18,0.0
1007,2.866395893104791e+18,195.0
1008,2.866395893104791e+18,117.0
1009,2.866395893104791e+18,385.0
1010,2.867974344119013e+18,386.0
1011,2.867974344119013e+18,387.0
1012,2.867974344119013e+18,350.0
1013,2.867974344119013e+18,5.0
1014,2.867974344119013e+18,388.0
1015,2.867974344119013e+18,8.0
1016,2.872917224688732e+18,8.0
1017,2.872917224688732e+18,20.0
1018,2.872917224688732e+18,389.0
1019,2.872917224688732e+18,390.0
1020,2.872917224688732e+18,344.0
1021,2.8779927049813576e+18,62.0
1022,2.8779927049813576e+18,51.0
1023,2.8779927049813576e+18,8.0
1024,2.8779927049813576e+18,100.0
1025,2.8779927049813576e+18,200.0
1026,2.8779927049813576e+18,344.0
1027,2.8779927049813576e+18,285.0
1028,2.8779927049813576e+18,199.0
1029,2.8627665281074683e+18,391.0
1030,2.8627665281074683e+18,384.0
1031,2.8627665281074683e+18,344.0
1032,2.875871366772542e+18,6.0
1033,2.875871366772542e+18,80.0
1034,2.875871366772542e+18,81.0
1035,2.875871366772542e+18,82.0
1036,2.875871366772542e+18,2.0
1037,2.875871366772542e+18,83.0
1038,2.875871366772542e+18,84.0
1039,2.875871366772542e+18,85.0
1040,2.875871366772542e+18,13.0
1041,2.875871366772542e+18,86.0
1042,2.877310867205277e+18,59.0
1043,2.877310867205277e+18,73.0
1044,2.877310867205277e+18,8.0
1045,2.877310867205277e+18,392.0
1046,2.877310867205277e+18,0.0
1047,2.877310867205277e+18,359.0
1048,2.8656695337562685e+18,73.0
1049,2.8656695337562685e+18,8.0
1050,2.8656695337562685e+18,59.0
1051,2.8656695337562685e+18,78.0
1052,2.891780381364016e+18,393.0
1053,2.891780381364016e+18,394.0
1054,2.891780381364016e+18,395.0
1055,2.891780381364016e+18,396.0
1056,2.891780381364016e+18,8.0
1057,2.891780381364016e+18,13.0
1058,2.891780381364016e+18,397.0
1059,2.891780381364016e+18,398.0
1060,2.891780381364016e+18,399.0
1061,2.891780381364016e+18,12.0
1062,2.86132543947412e+18,8.0
1063,2.86132543947412e+18,153.0
1064,2.86132543947412e+18,155.0
1065,2.86132543947412e+18,400.0
1066,2.86132543947412e+18,401.0
1067,2.86132543947412e+18,0.0
1068,2.86132543947412e+18,117.0
1069,2.862044377337244e+18,402.0
1070,2.862044377337244e+18,51.0
1071,2.862044377337244e+18,198.0
1072,2.862044377337244e+18,8.0
1073,2.862044377337244e+18,0.0
1074,2.862044377337244e+18,195.0
1075,2.862044377337244e+18,117.0
1076,2.862044377337244e+18,385.0
1077,2.862044377337244e+18,100.0
1078,2.852631761029269e+18,403.0
1079,2.852631761029269e+18,57.0
1080,2.852631761029269e+18,8.0
1081,2.852631761029269e+18,117.0
1082,2.852631761029269e+18,344.0
1083,2.85993136799179e+18,8.0
1084,2.85993136799179e+18,0.0
1085,2.85993136799179e+18,54.0
1086,2.85993136799179e+18,55.0
1087,2.85993136799179e+18,52.0
1088,2.85993136799179e+18,51.0
1089,2.85993136799179e+18,53.0
1090,2.85993136799179e+18,344.0
1091,2.850418707601243e+18,404.0
1092,2.850418707601243e+18,49.0
1093,2.850418707601243e+18,57.0
1094,2.850418707601243e+18,405.0
1095,2.850418707601243e+18,51.0
1096,2.850418707601243e+18,52.0
1097,2.850418707601243e+18,53.0
1098,2.850418707601243e+18,8.0
1099,2.850418707601243e+18,0.0
1100,2.850418707601243e+18,406.0
1101,2.850418707601243e+18,55.0
1102,2.850418707601243e+18,344.0
1103,2.850418707601243e+18,384.0
1104,2.8511135698252344e+18,407.0
1105,2.8511135698252344e+18,8.0
1106,2.8511135698252344e+18,408.0
1107,2.8511135698252344e+18,409.0
1108,2.8511135698252344e+18,410.0
1109,2.858419337639023e+18,8.0
1110,2.858419337639023e+18,411.0
1111,2.858419337639023e+18,412.0
1112,2.858419337639023e+18,350.0
1113,2.858419337639023e+18,0.0
1114,2.858419337639023e+18,413.0
1115,2.858419337639023e+18,414.0
1116,2.858419337639023e+18,344.0
1117,2.8903419874862024e+18,415.0
1118,2.8903419874862024e+18,8.0
1119,2.8903419874862024e+18,0.0
1120,2.84756485354931e+18,99.0
1121,2.84756485354931e+18,183.0
1122,2.84756485354931e+18,51.0
1123,2.84756485354931e+18,112.0
1124,2.84756485354931e+18,287.0
1125,2.84756485354931e+18,8.0
1126,2.84756485354931e+18,416.0
1127,2.84756485354931e+18,417.0
1128,2.84756485354931e+18,344.0
1129,2.84819914906499e+18,0.0
1130,2.84819914906499e+18,73.0
1131,2.84819914906499e+18,418.0
1132,2.84819914906499e+18,31.0
1133,2.84819914906499e+18,413.0
1134,2.84819914906499e+18,419.0
1135,2.84819914906499e+18,49.0
1136,2.84819914906499e+18,405.0
1137,2.84819914906499e+18,51.0
1138,2.84819914906499e+18,52.0
1139,2.84819914906499e+18,53.0
1140,2.84819914906499e+18,8.0
1141,2.84819914906499e+18,0.0
1142,2.84819914906499e+18,55.0
1143,2.84819914906499e+18,19.0
1144,2.84819914906499e+18,57.0
1145,2.84819914906499e+18,344.0
1146,2.84819914906499e+18,384.0
1147,2.871467424024568e+18,99.0
1148,2.871467424024568e+18,183.0
1149,2.871467424024568e+18,70.0
1150,2.871467424024568e+18,112.0
1151,2.871467424024568e+18,28.0
1152,2.871467424024568e+18,8.0
1153,2.871467424024568e+18,416.0
1154,2.871467424024568e+18,417.0
1155,2.871467424024568e+18,344.0
1156,2.851901186128322e+18,8.0
1157,2.851901186128322e+18,350.0
1158,2.851901186128322e+18,420.0
1159,2.851901186128322e+18,421.0
1160,2.848305262725778e+18,55.0
1161,2.848305262725778e+18,422.0
1162,2.848305262725778e+18,423.0
1163,2.848305262725778e+18,161.0
1164,2.848305262725778e+18,8.0
1165,2.848305262725778e+18,424.0
1166,2.848305262725778e+18,269.0
1167,2.848305262725778e+18,25.0
1168,2.848305262725778e+18,195.0
1169,2.848305262725778e+18,425.0
1170,2.848305262725778e+18,344.0
1171,2.848305262725778e+18,384.0
1172,2.856247298154948e+18,59.0
1173,2.856247298154948e+18,426.0
1174,2.856247298154948e+18,90.0
1175,2.856247298154948e+18,183.0
1176,2.856247298154948e+18,427.0
1177,2.856247298154948e+18,8.0
1178,2.856247298154948e+18,60.0
1179,2.856247298154948e+18,0.0
1180,2.856247298154948e+18,57.0
1181,2.856247298154948e+18,335.0
1182,2.856247298154948e+18,374.0
1183,2.856247298154948e+18,428.0
1184,2.8461006426259937e+18,61.0
1185,2.8461006426259937e+18,8.0
1186,2.8461006426259937e+18,167.0
1187,2.8461006426259937e+18,132.0
1188,2.8461006426259937e+18,20.0
1189,2.8461006426259937e+18,55.0
1190,2.8461006426259937e+18,52.0
1191,2.8461006426259937e+18,51.0
1192,2.8461006426259937e+18,53.0
1193,2.8461006426259937e+18,318.0
1194,2.8461006426259937e+18,344.0
1195,2.8461006426259937e+18,384.0
1196,2.846837996947519e+18,73.0
1197,2.846837996947519e+18,149.0
1198,2.846837996947519e+18,429.0
1199,2.846837996947519e+18,430.0
1200,2.846837996947519e+18,74.0
1201,2.846837996947519e+18,167.0
1202,2.846837996947519e+18,132.0
1203,2.846837996947519e+18,20.0
1204,2.846837996947519e+18,55.0
1205,2.846837996947519e+18,52.0
1206,2.846837996947519e+18,51.0
1207,2.846837996947519e+18,53.0
1208,2.846837996947519e+18,318.0
1209,2.846837996947519e+18,75.0
1210,2.846837996947519e+18,344.0
1211,2.846837996947519e+18,384.0
1212,2.846837996947519e+18,431.0
1213,2.840330900958921e+18,195.0
1214,2.840330900958921e+18,49.0
1215,2.840330900958921e+18,405.0
1216,2.840330900958921e+18,51.0
1217,2.840330900958921e+18,52.0
1218,2.840330900958921e+18,53.0
1219,2.840330900958921e+18,432.0
1220,2.840330900958921e+18,8.0
1221,2.840330900958921e+18,0.0
1222,2.840330900958921e+18,55.0
1223,2.840330900958921e+18,344.0
1224,2.840330900958921e+18,384.0
1225,2.8431406982344684e+18,433.0
1226,2.8431406982344684e+18,49.0
1227,2.8431406982344684e+18,8.0
1228,2.8431406982344684e+18,0.0
1229,2.8431406982344684e+18,54.0
1230,2.8431406982344684e+18,20.0
1231,2.8431406982344684e+18,55.0
1232,2.8431406982344684e+18,52.0
1233,2.8431406982344684e+18,51.0
1234,2.8431406982344684e+18,53.0
1235,2.8431406982344684e+18,19.0
1236,2.8431406982344684e+18,344.0
1237,2.8431406982344684e+18,374.0
1238,2.8431406982344684e+18,434.0
1239,2.8424922105919176e+18,435.0
1240,2.8424922105919176e+18,436.0
1241,2.8424922105919176e+18,0.0
1242,2.8424922105919176e+18,108.0
1243,2.8424922105919176e+18,8.0
1244,2.8424922105919176e+18,167.0
1245,2.8424922105919176e+18,132.0
1246,2.8424922105919176e+18,419.0
1247,2.8424922105919176e+18,20.0
1248,2.8424922105919176e+18,55.0
1249,2.8424922105919176e+18,52.0
1250,2.8424922105919176e+18,51.0
1251,2.8424922105919176e+18,53.0
1252,2.8424922105919176e+18,318.0
1253,2.8424922105919176e+18,344.0
1254,2.841745386091444e+18,437.0
1255,2.841745386091444e+18,108.0
1256,2.841745386091444e+18,8.0
1257,2.841745386091444e+18,419.0
1258,2.841745386091444e+18,54.0
1259,2.841745386091444e+18,20.0
1260,2.841745386091444e+18,55.0
1261,2.841745386091444e+18,52.0
1262,2.841745386091444e+18,51.0
1263,2.841745386091444e+18,53.0
1264,2.841745386091444e+18,19.0
1265,2.841745386091444e+18,325.0
1266,2.841745386091444e+18,344.0
1267,2.841745386091444e+18,384.0
1268,2.842370629439171e+18,413.0
1269,2.842370629439171e+18,419.0
1270,2.842370629439171e+18,49.0
1271,2.842370629439171e+18,405.0
1272,2.842370629439171e+18,51.0
1273,2.842370629439171e+18,52.0
1274,2.842370629439171e+18,53.0
1275,2.842370629439171e+18,8.0
1276,2.842370629439171e+18,0.0
1277,2.842370629439171e+18,55.0
1278,2.842370629439171e+18,344.0
1279,2.842370629439171e+18,384.0
1280,2.8396985845561416e+18,53.0
1281,2.8396985845561416e+18,8.0
1282,2.8396985845561416e+18,0.0
1283,2.8396985845561416e+18,419.0
1284,2.8396985845561416e+18,54.0
1285,2.8396985845561416e+18,438.0
1286,2.8396985845561416e+18,439.0
1287,2.8396985845561416e+18,332.0
1288,2.8396985845561416e+18,344.0
1289,2.844641768036946e+18,8.0
1290,2.844641768036946e+18,413.0
1291,2.844641768036946e+18,13.0
1292,2.844641768036946e+18,0.0
1293,2.844641768036946e+18,55.0
1294,2.844641768036946e+18,51.0
1295,2.844641768036946e+18,52.0
1296,2.844641768036946e+18,53.0
1297,2.844641768036946e+18,19.0
1298,2.844641768036946e+18,325.0
1299,2.844641768036946e+18,344.0
1300,2.844641768036946e+18,384.0
1301,2.8642199237298714e+18,440.0
1302,2.8642199237298714e+18,8.0
1303,2.8642199237298714e+18,441.0
1304,2.8642199237298714e+18,442.0
1305,2.8642199237298714e+18,443.0
1306,2.8642199237298714e+18,444.0
1307,2.8642199237298714e+18,445.0
1308,2.83743311843238e+18,299.0
1309,2.83743311843238e+18,8.0
1310,2.83743311843238e+18,51.0
1311,2.83743311843238e+18,54.0
1312,2.83743311843238e+18,20.0
1313,2.83743311843238e+18,344.0
1314,2.83743311843238e+18,318.0
1315,2.83743311843238e+18,167.0
1316,2.833839451450316e+18,20.0
1317,2.833839451450316e+18,62.0
1318,2.833839451450316e+18,8.0
1319,2.833839451450316e+18,17.0
1320,2.833839451450316e+18,446.0
1321,2.833839451450316e+18,447.0
1322,2.833839451450316e+18,448.0
1323,2.833839451450316e+18,257.0
1324,2.833839451450316e+18,449.0
1325,2.833839451450316e+18,422.0
1326,2.833839451450316e+18,344.0
1327,2.833658694573177e+18,433.0
1328,2.833658694573177e+18,49.0
1329,2.833658694573177e+18,8.0
1330,2.833658694573177e+18,0.0
1331,2.833658694573177e+18,54.0
1332,2.833658694573177e+18,20.0
1333,2.833658694573177e+18,55.0
1334,2.833658694573177e+18,52.0
1335,2.833658694573177e+18,51.0
1336,2.833658694573177e+18,53.0
1337,2.833658694573177e+18,19.0
1338,2.833658694573177e+18,344.0
1339,2.833658694573177e+18,374.0
1340,2.833658694573177e+18,434.0
1341,2.837282505046444e+18,0.0
1342,2.837282505046444e+18,265.0
1343,2.837282505046444e+18,450.0
1344,2.837282505046444e+18,451.0
1345,2.837282505046444e+18,54.0
1346,2.837282505046444e+18,20.0
1347,2.837282505046444e+18,55.0
1348,2.837282505046444e+18,52.0
1349,2.837282505046444e+18,51.0
1350,2.837282505046444e+18,53.0
1351,2.837282505046444e+18,19.0
1352,2.837282505046444e+18,344.0
1353,2.837282505046444e+18,318.0
1354,2.837282505046444e+18,167.0
1355,2.8353035763654124e+18,419.0
1356,2.8353035763654124e+18,90.0
1357,2.8353035763654124e+18,8.0
1358,2.8353035763654124e+18,54.0
1359,2.8353035763654124e+18,20.0
1360,2.8353035763654124e+18,55.0
1361,2.8353035763654124e+18,52.0
1362,2.8353035763654124e+18,51.0
1363,2.8353035763654124e+18,53.0
1364,2.8353035763654124e+18,19.0
1365,2.8353035763654124e+18,325.0
1366,2.8353035763654124e+18,344.0
1367,2.832178551442703e+18,452.0
1368,2.832178551442703e+18,8.0
1369,2.832178551442703e+18,415.0
1370,2.832178551442703e+18,108.0
1371,2.832178551442703e+18,20.0
1372,2.832178551442703e+18,303.0
1373,2.832178551442703e+18,453.0
1374,2.832178551442703e+18,454.0
1375,2.832178551442703e+18,325.0
1376,2.832178551442703e+18,344.0
1377,2.832178551442703e+18,0.0
1378,2.832178551442703e+18,455.0
1379,2.832178551442703e+18,257.0
1380,2.832178551442703e+18,456.0
1381,2.836004178552682e+18,0.0
1382,2.836004178552682e+18,8.0
1383,2.836004178552682e+18,167.0
1384,2.836004178552682e+18,132.0
1385,2.836004178552682e+18,317.0
1386,2.836004178552682e+18,419.0
1387,2.836004178552682e+18,54.0
1388,2.836004178552682e+18,20.0
1389,2.836004178552682e+18,55.0
1390,2.836004178552682e+18,52.0
1391,2.836004178552682e+18,51.0
1392,2.836004178552682e+18,53.0
1393,2.836004178552682e+18,344.0
1394,2.836004178552682e+18,318.0
1395,2.830170234698546e+18,59.0
1396,2.830170234698546e+18,73.0
1397,2.830170234698546e+18,265.0
1398,2.830170234698546e+18,457.0
1399,2.830170234698546e+18,57.0
1400,2.830170234698546e+18,325.0
1401,2.830170234698546e+18,0.0
1402,2.8322792133714714e+18,0.0
1403,2.8322792133714714e+18,53.0
1404,2.8322792133714714e+18,50.0
1405,2.8322792133714714e+18,56.0
1406,2.8322792133714714e+18,8.0
1407,2.8322792133714714e+18,419.0
1408,2.8322792133714714e+18,458.0
1409,2.8322792133714714e+18,54.0
1410,2.8322792133714714e+18,438.0
1411,2.8322792133714714e+18,439.0
1412,2.8322792133714714e+18,332.0
1413,2.8322792133714714e+18,344.0
1414,2.830851406512448e+18,459.0
1415,2.830851406512448e+18,8.0
1416,2.830851406512448e+18,0.0
1417,2.830851406512448e+18,54.0
1418,2.830851406512448e+18,20.0
1419,2.830851406512448e+18,55.0
1420,2.830851406512448e+18,52.0
1421,2.830851406512448e+18,51.0
1422,2.830851406512448e+18,53.0
1423,2.830851406512448e+18,19.0
1424,2.830851406512448e+18,428.0
1425,2.830851406512448e+18,318.0
1426,2.830851406512448e+18,460.0
1427,2.8315346543162747e+18,461.0
1428,2.8315346543162747e+18,8.0
1429,2.8315346543162747e+18,20.0
1430,2.8315346543162747e+18,462.0
1431,2.8315346543162747e+18,0.0
1432,2.8315346543162747e+18,455.0
1433,2.8315346543162747e+18,257.0
1434,2.8315346543162747e+18,19.0
1435,2.8315346543162747e+18,325.0
1436,2.8315346543162747e+18,344.0
1437,2.8315346543162747e+18,463.0
1438,2.8315346543162747e+18,464.0
1439,2.82940395482993e+18,465.0
1440,2.82940395482993e+18,8.0
1441,2.82940395482993e+18,466.0
1442,2.82940395482993e+18,467.0
1443,2.82940395482993e+18,468.0
1444,2.82940395482993e+18,469.0
1445,2.82940395482993e+18,55.0
1446,2.82940395482993e+18,470.0
1447,2.82940395482993e+18,471.0
1448,2.82940395482993e+18,472.0
1449,2.8265992100429414e+18,8.0
1450,2.8265992100429414e+18,0.0
1451,2.8265992100429414e+18,54.0
1452,2.8265992100429414e+18,20.0
1453,2.8265992100429414e+18,55.0
1454,2.8265992100429414e+18,52.0
1455,2.8265992100429414e+18,51.0
1456,2.8265992100429414e+18,53.0
1457,2.8265992100429414e+18,447.0
1458,2.8265992100429414e+18,325.0
1459,2.8265992100429414e+18,57.0
1460,2.8265992100429414e+18,473.0
1461,2.8265992100429414e+18,344.0
1462,2.827195739371304e+18,433.0
1463,2.827195739371304e+18,49.0
1464,2.827195739371304e+18,8.0
1465,2.827195739371304e+18,0.0
1466,2.827195739371304e+18,54.0
1467,2.827195739371304e+18,20.0
1468,2.827195739371304e+18,55.0
1469,2.827195739371304e+18,52.0
1470,2.827195739371304e+18,51.0
1471,2.827195739371304e+18,53.0
1472,2.827195739371304e+18,19.0
1473,2.827195739371304e+18,344.0
1474,2.827195739371304e+18,374.0
1475,2.827195739371304e+18,434.0
1476,2.845420720370063e+18,59.0
1477,2.845420720370063e+18,73.0
1478,2.845420720370063e+18,474.0
1479,2.845420720370063e+18,265.0
1480,2.845420720370063e+18,457.0
1481,2.845420720370063e+18,57.0
1482,2.845420720370063e+18,325.0
1483,2.845420720370063e+18,0.0
1484,2.845420720370063e+18,344.0
1485,2.845420720370063e+18,384.0
1486,2.82952202993878e+18,51.0
1487,2.82952202993878e+18,53.0
1488,2.82952202993878e+18,52.0
1489,2.82952202993878e+18,82.0
1490,2.82952202993878e+18,8.0
1491,2.82952202993878e+18,112.0
1492,2.82952202993878e+18,475.0
1493,2.82952202993878e+18,98.0
1494,2.82952202993878e+18,117.0
1495,2.82952202993878e+18,0.0
1496,2.82952202993878e+18,476.0
1497,2.82952202993878e+18,90.0
1498,2.82952202993878e+18,73.0
1499,2.82952202993878e+18,108.0
1500,2.82952202993878e+18,31.0
1501,2.82952202993878e+18,20.0
1502,2.822092083051037e+18,8.0
1503,2.822092083051037e+18,449.0
1504,2.822092083051037e+18,423.0
1505,2.822092083051037e+18,477.0
1506,2.822092083051037e+18,130.0
1507,2.822092083051037e+18,344.0
1508,2.82573634693919e+18,0.0
1509,2.82573634693919e+18,344.0
1510,2.82573634693919e+18,8.0
1511,2.82573634693919e+18,478.0
1512,2.82573634693919e+18,479.0
1513,2.82573634693919e+18,480.0
1514,2.82573634693919e+18,481.0
1515,2.82573634693919e+18,482.0
1516,2.82573634693919e+18,393.0
1517,2.82573634693919e+18,483.0
1518,2.82573634693919e+18,484.0
1519,2.82573634693919e+18,485.0
1520,2.82573634693919e+18,486.0
1521,2.82573634693919e+18,487.0
1522,2.82573634693919e+18,195.0
1523,2.82573634693919e+18,374.0
1524,2.825869753873453e+18,8.0
1525,2.825869753873453e+18,353.0
1526,2.825869753873453e+18,488.0
1527,2.825869753873453e+18,0.0
1528,2.826450766294005e+18,419.0
1529,2.826450766294005e+18,8.0
1530,2.826450766294005e+18,0.0
1531,2.826450766294005e+18,54.0
1532,2.826450766294005e+18,20.0
1533,2.826450766294005e+18,55.0
1534,2.826450766294005e+18,52.0
1535,2.826450766294005e+18,51.0
1536,2.826450766294005e+18,53.0
1537,2.826450766294005e+18,19.0
1538,2.826450766294005e+18,428.0
1539,2.836695161724383e+18,8.0
1540,2.836695161724383e+18,419.0
1541,2.836695161724383e+18,423.0
1542,2.836695161724383e+18,344.0
1543,2.836695161724383e+18,0.0
1544,2.836695161724383e+18,54.0
1545,2.836695161724383e+18,20.0
1546,2.836695161724383e+18,55.0
1547,2.836695161724383e+18,52.0
1548,2.836695161724383e+18,51.0
1549,2.836695161724383e+18,53.0
1550,2.836695161724383e+18,19.0
1551,2.836695161724383e+18,318.0
1552,2.836695161724383e+18,167.0
1553,2.816430067618864e+18,51.0
1554,2.816430067618864e+18,8.0
1555,2.816430067618864e+18,0.0
1556,2.816430067618864e+18,419.0
1557,2.816430067618864e+18,489.0
1558,2.816430067618864e+18,54.0
1559,2.816430067618864e+18,438.0
1560,2.816430067618864e+18,385.0
1561,2.816430067618864e+18,199.0
1562,2.8409661668371635e+18,53.0
1563,2.8409661668371635e+18,56.0
1564,2.8409661668371635e+18,8.0
1565,2.8409661668371635e+18,0.0
1566,2.8409661668371635e+18,419.0
1567,2.8409661668371635e+18,458.0
1568,2.8409661668371635e+18,54.0
1569,2.8409661668371635e+18,438.0
1570,2.8409661668371635e+18,439.0
1571,2.8409661668371635e+18,332.0
1572,2.8409661668371635e+18,344.0
1573,2.82015171112309e+18,490.0
1574,2.82015171112309e+18,8.0
1575,2.82015171112309e+18,17.0
1576,2.82015171112309e+18,491.0
1577,2.82015171112309e+18,492.0
1578,2.82015171112309e+18,493.0
1579,2.8150002748607263e+18,8.0
1580,2.8150002748607263e+18,0.0
1581,2.8150002748607263e+18,54.0
1582,2.8150002748607263e+18,20.0
1583,2.8150002748607263e+18,55.0
1584,2.8150002748607263e+18,52.0
1585,2.8150002748607263e+18,51.0
1586,2.8150002748607263e+18,53.0
1587,2.8150002748607263e+18,447.0
1588,2.8150002748607263e+18,325.0
1589,2.8150002748607263e+18,57.0
1590,2.8150002748607263e+18,494.0
1591,2.8150002748607263e+18,473.0
1592,2.812005640639088e+18,49.0
1593,2.812005640639088e+18,8.0
1594,2.812005640639088e+18,0.0
1595,2.812005640639088e+18,54.0
1596,2.812005640639088e+18,20.0
1597,2.812005640639088e+18,55.0
1598,2.812005640639088e+18,52.0
1599,2.812005640639088e+18,51.0
1600,2.812005640639088e+18,53.0
1601,2.812005640639088e+18,447.0
1602,2.812005640639088e+18,19.0
1603,2.8142726400813266e+18,495.0
1604,2.8142726400813266e+18,496.0
1605,2.8142726400813266e+18,497.0
1606,2.8142726400813266e+18,142.0
1607,2.8142726400813266e+18,353.0
1608,2.8142726400813266e+18,498.0
1609,2.8142726400813266e+18,183.0
1610,2.8142726400813266e+18,488.0
1611,2.8142726400813266e+18,499.0
1612,2.8142726400813266e+18,500.0
1613,2.8142726400813266e+18,8.0
1614,2.820808543447755e+18,8.0
1615,2.820808543447755e+18,0.0
1616,2.820808543447755e+18,54.0
1617,2.820808543447755e+18,20.0
1618,2.820808543447755e+18,55.0
1619,2.820808543447755e+18,52.0
1620,2.820808543447755e+18,51.0
1621,2.820808543447755e+18,53.0
1622,2.820808543447755e+18,447.0
1623,2.820808543447755e+18,19.0
1624,2.820808543447755e+18,344.0
1625,2.8156445350625736e+18,501.0
1626,2.8156445350625736e+18,8.0
1627,2.8156445350625736e+18,285.0
1628,2.8156445350625736e+18,183.0
1629,2.8156445350625736e+18,502.0
1630,2.8156445350625736e+18,117.0
1631,2.8156445350625736e+18,503.0
1632,2.8156445350625736e+18,504.0
1633,2.827316614772568e+18,99.0
1634,2.827316614772568e+18,8.0
1635,2.827316614772568e+18,416.0
1636,2.827316614772568e+18,417.0
1637,2.827316614772568e+18,505.0
1638,2.821493059556366e+18,8.0
1639,2.821493059556366e+18,285.0
1640,2.821493059556366e+18,183.0
1641,2.821493059556366e+18,502.0
1642,2.821493059556366e+18,117.0
1643,2.821493059556366e+18,503.0
1644,2.821493059556366e+18,501.0
1645,2.821493059556366e+18,506.0
1646,2.821493059556366e+18,507.0
1647,2.8222431993343503e+18,49.0
1648,2.8222431993343503e+18,8.0
1649,2.8222431993343503e+18,0.0
1650,2.8222431993343503e+18,54.0
1651,2.8222431993343503e+18,20.0
1652,2.8222431993343503e+18,55.0
1653,2.8222431993343503e+18,52.0
1654,2.8222431993343503e+18,51.0
1655,2.8222431993343503e+18,53.0
1656,2.8222431993343503e+18,19.0
1657,2.8222431993343503e+18,344.0
